{
  "extra": {
    "stats": {
      "writesExecuted": 0,
      "writesIgnored": 0,
      "scannedFull": 7,
      "scannedIndex": 0,
      "filtered": 0,
      "httpRequests": 0,
      "executionTime": 0.0001728534698486328,
      "peakMemoryUsage": 34732
    },
    "warnings": []
  },
  "_connection": {
    "config": {
      "url": "http://127.0.0.1:8529",
      "databaseName": "ProyectoDB",
      "arangoVersion": 30000,
      "retryConnection": false,
      "agentOptions": {
        "maxSockets": 3,
        "keepAlive": true,
        "keepAliveMsecs": 1000
      },
      "headers": {
        "x-arango-version": 30000,
        "authorization": "Basic cmVndWxhcjpyZWd1bGFy"
      }
    },
    "arangoMajor": 3,
    "_baseUrl": {
      "protocol": "http:",
      "slashes": true,
      "host": "127.0.0.1:8529",
      "port": "8529",
      "hostname": "127.0.0.1",
      "hash": null,
      "search": null,
      "query": null,
      "pathname": "/",
      "path": "/",
      "href": "http://127.0.0.1:8529/"
    },
    "_databasePath": "/_db/ProyectoDB",
    "retryOptions": {
      "forever": false,
      "retries": 0,
      "minTimeout": 5000,
      "randomize": true
    }
  },
  "_api": {
    "_connection": {
      "config": {
        "url": "http://127.0.0.1:8529",
        "databaseName": "ProyectoDB",
        "arangoVersion": 30000,
        "retryConnection": false,
        "agentOptions": {
          "maxSockets": 3,
          "keepAlive": true,
          "keepAliveMsecs": 1000
        },
        "headers": {
          "x-arango-version": 30000,
          "authorization": "Basic cmVndWxhcjpyZWd1bGFy"
        }
      },
      "arangoMajor": 3,
      "_baseUrl": {
        "protocol": "http:",
        "slashes": true,
        "host": "127.0.0.1:8529",
        "port": "8529",
        "hostname": "127.0.0.1",
        "hash": null,
        "search": null,
        "query": null,
        "pathname": "/",
        "path": "/",
        "href": "http://127.0.0.1:8529/"
      },
      "_databasePath": "/_db/ProyectoDB",
      "retryOptions": {
        "forever": false,
        "retries": 0,
        "minTimeout": 5000,
        "randomize": true
      }
    },
    "_path": "/_api"
  },
  "_result": [
    {
      "_key": "997072",
      "_id": "partnerOf/997072",
      "_from": "people/996996",
      "_to": "people/835159",
      "_rev": "_aYY7BDC---",
      "label": "partnerOf"
    },
    {
      "_key": "1058922",
      "_id": "partnerOf/1058922",
      "_from": "people/1058831",
      "_to": "people/1058514",
      "_rev": "_aYxR2_----",
      "label": "partnerOf"
    },
    {
      "_key": "1168034",
      "_id": "partnerOf/1168034",
      "_from": "people/1167967",
      "_to": "people/1167693",
      "_rev": "_aZNo-hO---",
      "label": "partnerOf"
    },
    {
      "_key": "1169194",
      "_id": "partnerOf/1169194",
      "_from": "people/1169122",
      "_to": "people/1059246",
      "_rev": "_aZNq5-C---",
      "label": "partnerOf"
    },
    {
      "_key": "1169376",
      "_id": "partnerOf/1169376",
      "_from": "people/1169299",
      "_to": "people/1066267",
      "_rev": "_aZNrziS---",
      "label": "partnerOf"
    },
    {
      "_key": "1176083",
      "_id": "partnerOf/1176083",
      "_from": "people/1175966",
      "_to": "people/1175655",
      "_rev": "_aZObUmu---",
      "label": "partnerOf"
    },
    {
      "_key": "1271543",
      "_id": "partnerOf/1271543",
      "_from": "people/1179182",
      "_to": "people/1059246",
      "_rev": "_aZoQy7m---",
      "label": "partnerOf"
    }
  ],
  "_hasMore": false,
  "count": 7
}