{
  "extra": {
    "stats": {
      "writesExecuted": 0,
      "writesIgnored": 0,
      "scannedFull": 63,
      "scannedIndex": 0,
      "filtered": 0,
      "httpRequests": 0,
      "executionTime": 0.00021696090698242188,
      "peakMemoryUsage": 43125
    },
    "warnings": []
  },
  "_connection": {
    "config": {
      "url": "http://127.0.0.1:8529",
      "databaseName": "ProyectoDB",
      "arangoVersion": 30000,
      "retryConnection": false,
      "agentOptions": {
        "maxSockets": 3,
        "keepAlive": true,
        "keepAliveMsecs": 1000
      },
      "headers": {
        "x-arango-version": 30000,
        "authorization": "Basic cmVndWxhcjpyZWd1bGFy"
      }
    },
    "arangoMajor": 3,
    "_baseUrl": {
      "protocol": "http:",
      "slashes": true,
      "host": "127.0.0.1:8529",
      "port": "8529",
      "hostname": "127.0.0.1",
      "hash": null,
      "search": null,
      "query": null,
      "pathname": "/",
      "path": "/",
      "href": "http://127.0.0.1:8529/"
    },
    "_databasePath": "/_db/ProyectoDB",
    "retryOptions": {
      "forever": false,
      "retries": 0,
      "minTimeout": 5000,
      "randomize": true
    }
  },
  "_api": {
    "_connection": {
      "config": {
        "url": "http://127.0.0.1:8529",
        "databaseName": "ProyectoDB",
        "arangoVersion": 30000,
        "retryConnection": false,
        "agentOptions": {
          "maxSockets": 3,
          "keepAlive": true,
          "keepAliveMsecs": 1000
        },
        "headers": {
          "x-arango-version": 30000,
          "authorization": "Basic cmVndWxhcjpyZWd1bGFy"
        }
      },
      "arangoMajor": 3,
      "_baseUrl": {
        "protocol": "http:",
        "slashes": true,
        "host": "127.0.0.1:8529",
        "port": "8529",
        "hostname": "127.0.0.1",
        "hash": null,
        "search": null,
        "query": null,
        "pathname": "/",
        "path": "/",
        "href": "http://127.0.0.1:8529/"
      },
      "_databasePath": "/_db/ProyectoDB",
      "retryOptions": {
        "forever": false,
        "retries": 0,
        "minTimeout": 5000,
        "randomize": true
      }
    },
    "_path": "/_api"
  },
  "_result": [
    {
      "_key": "1058514",
      "_id": "people/1058514",
      "_rev": "_aYxO0V6---",
      "name": "Juan",
      "surname": "Tamayo",
      "birthdate": -946170000000,
      "estimatedDate": false,
      "gender": "male",
      "visible": true,
      "createdBy": "973674"
    },
    {
      "_key": "1058831",
      "_id": "people/1058831",
      "_rev": "_aYxRohO---",
      "name": "María del Carmen",
      "surname": "Fajardo",
      "birthdate": -934682400000,
      "estimatedDate": false,
      "gender": "female",
      "visible": true,
      "createdBy": "973674"
    },
    {
      "_key": "1059246",
      "_id": "people/1059246",
      "_rev": "_aYxU7jC---",
      "name": "Juan José",
      "surname": "Tamayo",
      "birthdate": 78876000000,
      "estimatedDate": false,
      "gender": "male",
      "visible": true,
      "createdBy": "973674"
    },
    {
      "_key": "1061777",
      "_id": "people/1061777",
      "_rev": "_aYxyb0C---",
      "name": "Antonio",
      "surname": "Moreno",
      "birthdate": -991015200000,
      "estimatedDate": false,
      "gender": "male",
      "visible": true,
      "createdBy": "973674"
    },
    {
      "_key": "1066267",
      "_id": "people/1066267",
      "_rev": "_aYy5d86---",
      "name": "Nuria",
      "surname": "Tamayo",
      "birthdate": 5094000000,
      "estimatedDate": false,
      "gender": "female",
      "visible": true,
      "createdBy": "973674"
    },
    {
      "_key": "1066585",
      "_id": "people/1066585",
      "_rev": "_aYy9A3W--A",
      "name": "prueba",
      "surname": "",
      "birthdate": 1589198940000,
      "estimatedDate": false,
      "gender": "male",
      "visible": false,
      "createdBy": "973674"
    },
    {
      "_key": "1099033",
      "_id": "people/1099033",
      "_rev": "_aZ-7pr6--_",
      "name": "Prueba",
      "surname": "",
      "birthdate": 1589968440000,
      "estimatedDate": false,
      "gender": "male",
      "visible": false,
      "createdBy": "973674"
    },
    {
      "_key": "1099793",
      "_id": "people/1099793",
      "_rev": "_aZ_BZKC--_",
      "name": "prueba",
      "surname": "",
      "birthdate": 1589882640000,
      "estimatedDate": false,
      "gender": "male",
      "visible": false,
      "createdBy": "973674"
    },
    {
      "_key": "1103775",
      "_id": "people/1103775",
      "_rev": "_aZ_GWcC--_",
      "name": "prueba",
      "surname": "",
      "birthdate": 1590574080000,
      "estimatedDate": false,
      "gender": "male",
      "visible": false,
      "createdBy": "973674"
    },
    {
      "_key": "1104741",
      "_id": "people/1104741",
      "_rev": "_aZ_bK0y--_",
      "name": "prueba",
      "surname": "",
      "birthdate": 1589883120000,
      "estimatedDate": false,
      "gender": "male",
      "visible": false,
      "createdBy": "973674"
    },
    {
      "_key": "1105984",
      "_id": "people/1105984",
      "_rev": "_aZ_dQGG--A",
      "name": "prueba",
      "surname": "hijo",
      "birthdate": 1589970600000,
      "estimatedDate": false,
      "gender": "male",
      "visible": false,
      "createdBy": "973674"
    },
    {
      "_key": "1106986",
      "_id": "people/1106986",
      "_rev": "_aZ_ePGu--_",
      "name": "prueba hijo",
      "surname": "",
      "birthdate": 1589971020000,
      "estimatedDate": false,
      "gender": "male",
      "visible": false,
      "createdBy": "973674"
    },
    {
      "_key": "1107396",
      "_id": "people/1107396",
      "_rev": "_aZ_ie7u--A",
      "name": "algoo",
      "surname": "",
      "birthdate": 1589971320000,
      "estimatedDate": false,
      "gender": "male",
      "visible": false,
      "createdBy": "973674"
    },
    {
      "_key": "1108196",
      "_id": "people/1108196",
      "_rev": "_aZ_oqY---A",
      "name": "pruebaaaaaaa",
      "surname": "",
      "birthdate": 1589971740000,
      "estimatedDate": false,
      "gender": "male",
      "visible": false,
      "createdBy": "973674"
    },
    {
      "_key": "1118119",
      "_id": "people/1118119",
      "_rev": "_aZBJ5YS--_",
      "name": "prueba pareja",
      "surname": "",
      "birthdate": 1589286840000,
      "estimatedDate": false,
      "gender": "female",
      "visible": false,
      "createdBy": "973674"
    },
    {
      "_key": "835053",
      "_id": "people/835053",
      "_rev": "_aZBWzty--_",
      "name": "Raúl",
      "surname": "Moreno Tamayo",
      "birthdate": 816735600000,
      "estimatedDate": false,
      "gender": "male",
      "visible": true
    },
    {
      "_key": "1116323",
      "_id": "people/1116323",
      "_rev": "_aZBeEw2--_",
      "name": "prueba nieto",
      "surname": "",
      "birthdate": 1590063900000,
      "estimatedDate": false,
      "gender": "male",
      "visible": false,
      "createdBy": "973674"
    },
    {
      "_key": "1120303",
      "_id": "people/1120303",
      "_rev": "_aZBj3-G--A",
      "name": "prueba",
      "surname": "nieto",
      "birthdate": 1590844860000,
      "estimatedDate": false,
      "gender": "male",
      "visible": false,
      "createdBy": "973674"
    },
    {
      "_key": "1121500",
      "_id": "people/1121500",
      "_rev": "_aZBqLaW--_",
      "name": "prueba",
      "surname": "tataranieto",
      "birthdate": 1589290260000,
      "estimatedDate": false,
      "gender": "male",
      "visible": false,
      "createdBy": "973674"
    },
    {
      "_key": "1121755",
      "_id": "people/1121755",
      "_rev": "_aZBrgyO--_",
      "name": "prueba",
      "surname": "tataranieto",
      "birthdate": 1589981520000,
      "estimatedDate": false,
      "gender": "male",
      "visible": false,
      "createdBy": "973674"
    },
    {
      "_key": "1122455",
      "_id": "people/1122455",
      "_rev": "_aZCRAC6--_",
      "name": "prueba",
      "surname": "tataratataranieto",
      "birthdate": -27080355600000,
      "estimatedDate": false,
      "gender": "male",
      "visible": false,
      "createdBy": "973674"
    },
    {
      "_key": "1122227",
      "_id": "people/1122227",
      "_rev": "_aZCRFBu--A",
      "name": "prueba ",
      "surname": "tataranieto",
      "birthdate": -27080355600000,
      "estimatedDate": false,
      "gender": "male",
      "visible": false,
      "createdBy": "973674"
    },
    {
      "_key": "1121038",
      "_id": "people/1121038",
      "_rev": "_aZCRKWu--A",
      "name": "prueba",
      "surname": "bisnieto",
      "birthdate": 1590067680000,
      "estimatedDate": false,
      "gender": "male",
      "visible": false,
      "createdBy": "973674"
    },
    {
      "_key": "1120675",
      "_id": "people/1120675",
      "_rev": "_aZCROkK--A",
      "name": "prueba",
      "surname": "nieto",
      "birthdate": 1589981100000,
      "estimatedDate": false,
      "gender": "male",
      "visible": false,
      "createdBy": "973674"
    },
    {
      "_key": "835065",
      "_id": "people/835065",
      "_rev": "_aZCh4qS--_",
      "name": "Sara",
      "surname": "Moreno",
      "birthdate": 752281200000,
      "estimatedDate": false,
      "gender": "female",
      "visible": true
    },
    {
      "_key": "1129646",
      "_id": "people/1129646",
      "_rev": "_aZCm3gC--_",
      "name": "otra prueba nueva",
      "surname": "",
      "birthdate": -27111891600000,
      "estimatedDate": false,
      "gender": "male",
      "visible": false,
      "createdBy": "973674"
    },
    {
      "_key": "1136331",
      "_id": "people/1136331",
      "_rev": "_aZDrt7---A",
      "name": "otra prueba",
      "surname": "",
      "birthdate": 1589900040000,
      "estimatedDate": false,
      "gender": "male",
      "visible": false,
      "createdBy": "973674"
    },
    {
      "_key": "1129502",
      "_id": "people/1129502",
      "_rev": "_aZNCWmy--_",
      "name": "prueba nueva",
      "surname": "",
      "birthdate": -27080355600000,
      "estimatedDate": false,
      "gender": "male",
      "visible": false,
      "createdBy": "973674"
    },
    {
      "_key": "1116218",
      "_id": "people/1116218",
      "_rev": "_aZNCcM6--_",
      "name": "prueba hijo",
      "surname": "",
      "birthdate": 1589372640000,
      "estimatedDate": false,
      "gender": "other",
      "visible": false,
      "createdBy": "973674"
    },
    {
      "_key": "1104961",
      "_id": "people/1104961",
      "_rev": "_aZNCiBy--_",
      "name": "prueba",
      "surname": "",
      "birthdate": 1589278680000,
      "estimatedDate": false,
      "gender": "male",
      "visible": false,
      "createdBy": "973674"
    },
    {
      "_key": "1108497",
      "_id": "people/1108497",
      "_rev": "_aZNCz3K--_",
      "name": "prueba 980",
      "surname": "",
      "birthdate": 1589885460000,
      "estimatedDate": false,
      "gender": "male",
      "visible": false,
      "createdBy": "973674"
    },
    {
      "_key": "1166056",
      "_id": "people/1166056",
      "_rev": "_aZNYaR6--_",
      "name": "prueba",
      "surname": "definitiva",
      "birthdate": -30599863200000,
      "estimatedDate": false,
      "gender": "male",
      "visible": false,
      "createdBy": "973674"
    },
    {
      "_key": "1165951",
      "_id": "people/1165951",
      "_rev": "_aZNYdQ2--_",
      "name": "ya va",
      "surname": "",
      "birthdate": -30585866400000,
      "estimatedDate": false,
      "gender": "male",
      "visible": false,
      "createdBy": "973674"
    },
    {
      "_key": "1165786",
      "_id": "people/1165786",
      "_rev": "_aZNYftS--_",
      "name": "funcion",
      "surname": "",
      "birthdate": -30583098000000,
      "estimatedDate": false,
      "gender": "male",
      "visible": false,
      "createdBy": "973674"
    },
    {
      "_key": "1165669",
      "_id": "people/1165669",
      "_rev": "_aZNYioK--_",
      "name": "pruebaMEGA ",
      "surname": "antiguo",
      "birthdate": -27080355600000,
      "estimatedDate": false,
      "gender": "male",
      "visible": false,
      "createdBy": "973674"
    },
    {
      "_key": "1166089",
      "_id": "people/1166089",
      "_rev": "_aZNYlju--_",
      "name": "mas pruebas",
      "surname": "",
      "birthdate": -5337536400000,
      "estimatedDate": false,
      "gender": "male",
      "visible": false,
      "createdBy": "973674"
    },
    {
      "_key": "1165592",
      "_id": "people/1165592",
      "_rev": "_aZNYn2G--_",
      "name": "prueba",
      "surname": "super antigo",
      "birthdate": -2181862800000,
      "estimatedDate": false,
      "gender": "male",
      "visible": false,
      "createdBy": "973674"
    },
    {
      "_key": "1165379",
      "_id": "people/1165379",
      "_rev": "_aZNYqVC--_",
      "name": "prueba mas ",
      "surname": "antiguo",
      "birthdate": -1883095200000,
      "estimatedDate": false,
      "gender": "male",
      "visible": false,
      "createdBy": "973674"
    },
    {
      "_key": "1165186",
      "_id": "people/1165186",
      "_rev": "_aZNYtpi--_",
      "name": "prueba antiguo",
      "surname": "",
      "birthdate": -1566439200000,
      "estimatedDate": false,
      "gender": "male",
      "visible": false,
      "createdBy": "973674"
    },
    {
      "_key": "1166118",
      "_id": "people/1166118",
      "_rev": "_aZNYyxO--_",
      "name": "persona del futuro",
      "surname": "",
      "birthdate": 1589967180000,
      "estimatedDate": false,
      "gender": "male",
      "visible": false,
      "createdBy": "973674"
    },
    {
      "_key": "1167693",
      "_id": "people/1167693",
      "_rev": "_aZNm2ZS---",
      "name": "Ángel",
      "surname": "Moreno",
      "birthdate": -51760800000,
      "estimatedDate": false,
      "gender": "male",
      "visible": true,
      "createdBy": "973674"
    },
    {
      "_key": "1167822",
      "_id": "people/1167822",
      "_rev": "_aZNnUY----",
      "name": "Antoñito",
      "surname": "Moreno",
      "birthdate": -312685200000,
      "estimatedDate": false,
      "gender": "male",
      "visible": true,
      "createdBy": "973674"
    },
    {
      "_key": "1167967",
      "_id": "people/1167967",
      "_rev": "_aZNn2tK---",
      "name": "María del Carmen",
      "surname": "Sánchez",
      "birthdate": -9165600000,
      "estimatedDate": false,
      "gender": "female",
      "visible": true,
      "createdBy": "973674"
    },
    {
      "_key": "1168128",
      "_id": "people/1168128",
      "_rev": "_aZNqIT2--_",
      "name": "Ángel",
      "surname": "Moreno Sánchez",
      "birthdate": 639957600000,
      "estimatedDate": false,
      "gender": "male",
      "visible": false,
      "createdBy": "973674"
    },
    {
      "_key": "1169299",
      "_id": "people/1169299",
      "_rev": "_aZNrrau---",
      "name": "Wen Xin",
      "surname": "Ke",
      "birthdate": 22370400000,
      "estimatedDate": false,
      "gender": "male",
      "visible": true,
      "createdBy": "973674"
    },
    {
      "_key": "1169122",
      "_id": "people/1169122",
      "_rev": "_aZNs_da--_",
      "name": "María del Mar",
      "surname": "López",
      "birthdate": 105660000000,
      "estimatedDate": false,
      "gender": "female",
      "visible": true,
      "createdBy": "973674"
    },
    {
      "_key": "1169502",
      "_id": "people/1169502",
      "_rev": "_aZNsrOq---",
      "name": "Pablo",
      "surname": "Tamayo",
      "birthdate": 1051135200000,
      "estimatedDate": false,
      "gender": "male",
      "visible": true,
      "createdBy": "973674"
    },
    {
      "_key": "1169939",
      "_id": "people/1169939",
      "_rev": "_aZNubqu---",
      "name": "Víctor",
      "surname": "Ke",
      "birthdate": 992383200000,
      "estimatedDate": false,
      "gender": "male",
      "visible": true,
      "createdBy": "973674"
    },
    {
      "_key": "1170357",
      "_id": "people/1170357",
      "_rev": "_aZNvIGq---",
      "name": "Sylvia",
      "surname": "Ke",
      "birthdate": 1147644000000,
      "estimatedDate": false,
      "gender": "female",
      "visible": true,
      "createdBy": "973674"
    },
    {
      "_key": "1170721",
      "_id": "people/1170721",
      "_rev": "_aZNwN-C---",
      "name": "Ángel",
      "surname": "Moreno Sánchez",
      "birthdate": 657500400000,
      "estimatedDate": false,
      "gender": "male",
      "visible": true,
      "createdBy": "973674"
    },
    {
      "_key": "1171123",
      "_id": "people/1171123",
      "_rev": "_aZNxr5a---",
      "name": "Adrián",
      "surname": "Moreno",
      "birthdate": 1074812400000,
      "estimatedDate": false,
      "gender": "male",
      "visible": true,
      "createdBy": "973674"
    },
    {
      "_key": "1171491",
      "_id": "people/1171491",
      "_rev": "_aZNyVzG---",
      "name": "María",
      "surname": "Moreno",
      "birthdate": 1074812400000,
      "estimatedDate": false,
      "gender": "female",
      "visible": true,
      "createdBy": "973674"
    },
    {
      "_key": "835159",
      "_id": "people/835159",
      "_rev": "_aZOKww6--_",
      "name": "Luis Fernando",
      "surname": "Moreno Martínez",
      "birthdate": -214794000000,
      "estimatedDate": false,
      "gender": "male",
      "visible": true
    },
    {
      "_key": "1175655",
      "_id": "people/1175655",
      "_rev": "_aZOZA1e---",
      "name": "Francisco",
      "surname": "Fajardo",
      "birthdate": -1882144800000,
      "estimatedDate": true,
      "gender": "male",
      "visible": true,
      "createdBy": "973674"
    },
    {
      "_key": "1175966",
      "_id": "people/1175966",
      "_rev": "_aZObNim---",
      "name": "Carmen",
      "surname": "Porras",
      "birthdate": -1866330000000,
      "estimatedDate": true,
      "gender": "female",
      "visible": true,
      "createdBy": "973674"
    },
    {
      "_key": "996996",
      "_id": "people/996996",
      "_rev": "_aZOhaS2--_",
      "name": "María Esther",
      "surname": "Tamayo",
      "birthdate": -170388000000,
      "estimatedDate": false,
      "gender": "female",
      "visible": true,
      "createdBy": "944073"
    },
    {
      "_key": "1179454",
      "_id": "people/1179454",
      "_rev": "_aZOumAq--_",
      "name": "prueba hijo",
      "surname": "ex pareja",
      "birthdate": 1589972820000,
      "estimatedDate": false,
      "gender": "male",
      "visible": true,
      "createdBy": "973674"
    },
    {
      "_key": "1180404",
      "_id": "people/1180404",
      "_rev": "_aZOvQPq---",
      "name": "prueba",
      "surname": "antepasado",
      "birthdate": -2812928400000,
      "estimatedDate": true,
      "gender": "other",
      "visible": true,
      "createdBy": "973674"
    },
    {
      "_key": "1180705",
      "_id": "people/1180705",
      "_rev": "_aZOv02i---",
      "name": "José",
      "surname": "Tamayo",
      "birthdate": -1818986400000,
      "estimatedDate": true,
      "gender": "male",
      "visible": true,
      "createdBy": "973674"
    },
    {
      "_key": "1181025",
      "_id": "people/1181025",
      "_rev": "_aZOwpyy---",
      "name": "Francisco",
      "surname": "Tamayo",
      "birthdate": -1250906400000,
      "estimatedDate": false,
      "gender": "male",
      "visible": true,
      "createdBy": "973674"
    },
    {
      "_key": "1182109",
      "_id": "people/1182109",
      "_rev": "_aZO2xtu---",
      "name": "prueba",
      "surname": "descendiente",
      "birthdate": 1590837480000,
      "estimatedDate": false,
      "gender": "male",
      "visible": true,
      "createdBy": "973674"
    },
    {
      "_key": "1179182",
      "_id": "people/1179182",
      "_rev": "_aZQDrHO--_",
      "name": "prueba ex pareja",
      "surname": "",
      "birthdate": 1589886420000,
      "estimatedDate": false,
      "gender": "other",
      "visible": true,
      "createdBy": "973674"
    },
    {
      "_key": "1270752",
      "_id": "people/1270752",
      "_rev": "_aZoPqMO---",
      "name": "prueba",
      "surname": "otro antepasado",
      "birthdate": -3759699600000,
      "estimatedDate": true,
      "gender": "male",
      "visible": true,
      "createdBy": "944073"
    }
  ],
  "_hasMore": false,
  "count": 63
}