{
  "extra": {
    "stats": {
      "writesExecuted": 0,
      "writesIgnored": 0,
      "scannedFull": 11,
      "scannedIndex": 0,
      "filtered": 0,
      "httpRequests": 0,
      "executionTime": 0.0003299713134765625,
      "peakMemoryUsage": 35561
    },
    "warnings": []
  },
  "_connection": {
    "config": {
      "url": "http://127.0.0.1:8529",
      "databaseName": "ProyectoDB",
      "arangoVersion": 30000,
      "retryConnection": false,
      "agentOptions": {
        "maxSockets": 3,
        "keepAlive": true,
        "keepAliveMsecs": 1000
      },
      "headers": {
        "x-arango-version": 30000,
        "authorization": "Basic cmVndWxhcjpyZWd1bGFy"
      }
    },
    "arangoMajor": 3,
    "_baseUrl": {
      "protocol": "http:",
      "slashes": true,
      "host": "127.0.0.1:8529",
      "port": "8529",
      "hostname": "127.0.0.1",
      "hash": null,
      "search": null,
      "query": null,
      "pathname": "/",
      "path": "/",
      "href": "http://127.0.0.1:8529/"
    },
    "_databasePath": "/_db/ProyectoDB",
    "retryOptions": {
      "forever": false,
      "retries": 0,
      "minTimeout": 5000,
      "randomize": true
    }
  },
  "_api": {
    "_connection": {
      "config": {
        "url": "http://127.0.0.1:8529",
        "databaseName": "ProyectoDB",
        "arangoVersion": 30000,
        "retryConnection": false,
        "agentOptions": {
          "maxSockets": 3,
          "keepAlive": true,
          "keepAliveMsecs": 1000
        },
        "headers": {
          "x-arango-version": 30000,
          "authorization": "Basic cmVndWxhcjpyZWd1bGFy"
        }
      },
      "arangoMajor": 3,
      "_baseUrl": {
        "protocol": "http:",
        "slashes": true,
        "host": "127.0.0.1:8529",
        "port": "8529",
        "hostname": "127.0.0.1",
        "hash": null,
        "search": null,
        "query": null,
        "pathname": "/",
        "path": "/",
        "href": "http://127.0.0.1:8529/"
      },
      "_databasePath": "/_db/ProyectoDB",
      "retryOptions": {
        "forever": false,
        "retries": 0,
        "minTimeout": 5000,
        "randomize": true
      }
    },
    "_path": "/_api"
  },
  "_result": [
    {
      "_key": "1197722",
      "_id": "queryList/1197722",
      "_rev": "_aZRZdMe---",
      "type": "findRelation",
      "firstParameter": "835053",
      "secondParameter": "835065",
      "userID": "973674",
      "date": 1589299141131
    },
    {
      "_key": "1197760",
      "_id": "queryList/1197760",
      "_rev": "_aZRaKYy---",
      "type": "findByRelationType",
      "firstParameter": "parent",
      "secondParameter": "835053",
      "userID": "973674",
      "date": 1589299187408
    },
    {
      "_key": "1197790",
      "_id": "queryList/1197790",
      "_rev": "_aZRaOki---",
      "type": "findByName",
      "firstParameter": "ra",
      "secondParameter": "",
      "userID": "973674",
      "date": 1589299191693
    },
    {
      "_key": "1198159",
      "_id": "queryList/1198159",
      "_rev": "_aZRhAWa---",
      "type": "findByRelationType",
      "firstParameter": "grandparent",
      "secondParameter": "835053",
      "userID": "944073",
      "date": 1589299635896
    },
    {
      "_key": "1225469",
      "_id": "queryList/1225469",
      "_rev": "_aZZyYvG---",
      "type": "findRelation",
      "firstParameter": "1175966",
      "secondParameter": "1180705",
      "userID": "973674",
      "date": 1589369861316
    },
    {
      "_key": "1226549",
      "_id": "queryList/1226549",
      "_rev": "_aZZ1Fgm---",
      "type": "findByName",
      "firstParameter": "jose",
      "secondParameter": "",
      "userID": "973674",
      "date": 1589370038239
    },
    {
      "_key": "1227282",
      "_id": "queryList/1227282",
      "_rev": "_aZZ5qMC---",
      "type": "findByRelationType",
      "firstParameter": "cousin",
      "secondParameter": "835053",
      "userID": "973674",
      "date": 1589370337954
    },
    {
      "_key": "1227347",
      "_id": "queryList/1227347",
      "_rev": "_aZZ6toW---",
      "type": "findByName",
      "firstParameter": "tamayo",
      "secondParameter": "",
      "userID": "973674",
      "date": 1589370407017
    },
    {
      "_key": "1227934",
      "_id": "queryList/1227934",
      "_rev": "_aZZ8_RS---",
      "type": "findByName",
      "firstParameter": "a",
      "secondParameter": "",
      "userID": "973674",
      "date": 1589370490617
    },
    {
      "_key": "1228936",
      "_id": "queryList/1228936",
      "_rev": "_aZa_GHi---",
      "type": "findByRelationType",
      "firstParameter": "nephew",
      "secondParameter": "835159",
      "userID": "973674",
      "date": 1589370694243
    },
    {
      "_key": "1228977",
      "_id": "queryList/1228977",
      "_rev": "_aZa_Y5G---",
      "type": "findByRelationType",
      "firstParameter": "ancestor",
      "secondParameter": "1182109",
      "userID": "973674",
      "date": 1589370713470
    }
  ],
  "_hasMore": false,
  "count": 11
}